{"cameraMode":{"drawMode":1,"name":"Wireframe","section":"Shading Mode"},"sceneLighting":true,"audioPlay":false,"sceneViewState":{"showFog":true,"showMaterialUpdate":false,"showSkybox":true,"showFlares":true,"showImageEffects":true,"showParticleSystems":true},"in2DMode":false,"pivot":{"x":-0.11203014850616455,"y":0.6372159719467163,"z":0.0013435184955596924},"rotation":{"x":-0.055421676486730579,"y":0.9437939524650574,"z":-0.2493620365858078,"w":-0.2097618132829666},"size":2.0381219387054445,"orthographic":false}